"Publication Date","Fiscal Year","Agency Number","Agency Name","Financial Plan Savings Flag","sum_adopted_budget_amount","sum_current_modified_budget_amount","sum_financial_plan_amount","sum_adopted_budget_position","sum_current_modified_budget_position","sum_financial_plan_position","sum_adopted_budget_number_of_contracts","sum_current_modified_budget_number_of_contracts","sum_financial_plan_number_of_contracts"
"20260512","2027","002","MAYORALTY","Y","13,343,863","-380,486","4,278,367","34","40","29","0","0","0"
"20260512","2027","002","MAYORALTY","N","182,802,488","197,735,209","195,079,642","1,255","1,266","1,303","65","77","65"
"20260217","2027","002","MAYORALTY","Y","13,343,863","-380,486","-284,475","34","40","40","0","0","0"
"20260217","2027","002","MAYORALTY","N","182,802,488","197,320,209","188,463,970","1,255","1,276","1,271","65","76","65"
"20260512","2027","003","BOARD OF ELECTIONS","N","146,876,322","215,090,030","149,873,853","517","517","517","37","33","37"
"20260512","2027","003","BOARD OF ELECTIONS","Y","-1,174","1,557,541","57,098,826","0","0","0","0","0","0"
"20260217","2027","003","BOARD OF ELECTIONS","N","146,876,322","202,575,246","146,876,322","517","517","517","37","33","37"
"20260217","2027","003","BOARD OF ELECTIONS","Y","-1,174","-20,700,098","-1,174","0","0","0","0","0","0"
"20260512","2027","004","CAMPAIGN FINANCE BOARD","N","109,481,237","123,881,237","104,093,091","258","258","258","9","11","10"
"20260217","2027","004","CAMPAIGN FINANCE BOARD","N","109,481,237","123,886,237","16,293,204","258","258","93","9","10","27"
"20260217","2027","004","CAMPAIGN FINANCE BOARD","Y","0","0","-2,816,155","0","0","-6","0","0","0"
"20260512","2027","008","OFFICE OF THE ACTUARY","N","7,699,527","7,677,099","7,650,040","43","42","42","9","10","9"
"20260512","2027","008","OFFICE OF THE ACTUARY","Y","-85,428","0","833,099","-1","0","0","0","0","0"
"20260217","2027","008","OFFICE OF THE ACTUARY","N","7,699,527","7,677,099","7,617,044","43","42","42","9","10","9"
"20260217","2027","008","OFFICE OF THE ACTUARY","Y","-85,428","0","0","-1","0","0","0","0","0"
"20260512","2027","010","BOROUGH PRESIDENT - MANHATTAN","Y","-282,728","174,505","-282,728","-3","-3","-3","0","0","0"
"20260512","2027","010","BOROUGH PRESIDENT - MANHATTAN","N","6,300,110","6,020,151","6,361,747","59","59","59","0","9","0"
"20260217","2027","010","BOROUGH PRESIDENT - MANHATTAN","N","6,300,110","6,020,151","5,869,360","59","59","59","0","9","0"
"20260217","2027","010","BOROUGH PRESIDENT - MANHATTAN","Y","-282,728","0","-282,728","-3","-3","-3","0","0","0"
"20260512","2027","011","BOROUGH PRESIDENT BRONX","N","9,662,257","9,662,257","9,736,081","86","86","86","40","41","40"
"20260512","2027","011","BOROUGH PRESIDENT BRONX","Y","-2,627,278","-2,423,263","-2,637,278","-17","-17","-17","0","0","0"
"20260217","2027","011","BOROUGH PRESIDENT BRONX","Y","-2,627,278","-2,627,278","-2,637,278","-17","-17","-17","0","0","0"
"20260217","2027","011","BOROUGH PRESIDENT BRONX","N","9,662,257","9,662,257","9,115,057","86","86","86","40","41","40"
"20260512","2027","012","BOROUGH PRESIDENT - BROOKLYN","N","7,819,968","8,044,292","7,968,824","71","71","71","3","6","3"
"20260512","2027","012","BOROUGH PRESIDENT - BROOKLYN","Y","-84,665","-84,665","-84,665","-4","-4","-4","0","0","0"
"20260217","2027","012","BOROUGH PRESIDENT - BROOKLYN","Y","-84,665","-84,665","-84,665","-4","-4","-4","0","0","0"
"20260217","2027","012","BOROUGH PRESIDENT - BROOKLYN","N","7,819,968","7,819,968","6,950,402","71","71","71","3","6","3"
"20260512","2027","013","BOROUGH PRESIDENT - QUEENS","N","6,683,610","7,814,366","6,773,772","72","72","72","11","12","11"
"20260512","2027","013","BOROUGH PRESIDENT - QUEENS","Y","95,000","196,580","0","-18","-18","-18","0","0","0"
"20260217","2027","013","BOROUGH PRESIDENT - QUEENS","Y","95,000","95,000","0","-18","-18","-18","0","0","0"
"20260217","2027","013","BOROUGH PRESIDENT - QUEENS","N","6,683,610","7,719,366","5,838,237","72","72","72","11","12","11"
"20260512","2027","014","BOROUGH PRESIDENT STATEN ISLAND","N","7,468,572","7,468,572","7,509,695","48","48","48","63","64","63"
"20260512","2027","014","BOROUGH PRESIDENT STATEN ISLAND","Y","-2,262,363","-2,111,382","-2,262,363","-3","-3","-3","0","0","0"
"20260217","2027","014","BOROUGH PRESIDENT STATEN ISLAND","Y","-2,262,363","-2,262,363","-2,262,363","-3","-3","-3","0","0","0"
"20260217","2027","014","BOROUGH PRESIDENT STATEN ISLAND","N","7,468,572","7,468,572","7,170,672","48","48","48","63","64","63"
"20260512","2027","015","OFFICE OF THE COMPTROLLER","N","127,028,130","131,617,110","130,502,484","783","783","783","78","81","78"
"20260217","2027","015","OFFICE OF THE COMPTROLLER","N","127,028,130","129,311,110","130,017,637","783","783","783","78","80","78"
"20260512","2027","017","DEPARTMENT OF EMERGENCY MANAGEMENT","Y","6,000","-1,100,000","0","0","0","0","0","0","0"
"20260512","2027","017","DEPARTMENT OF EMERGENCY MANAGEMENT","N","80,767,863","89,696,374","46,237,755","213","242","99","7","8","7"
"20260217","2027","017","DEPARTMENT OF EMERGENCY MANAGEMENT","Y","6,000","-650,000","0","0","0","0","0","0","0"
"20260217","2027","017","DEPARTMENT OF EMERGENCY MANAGEMENT","N","80,767,863","87,863,402","44,904,031","213","241","99","7","7","7"
"20260512","2027","021","OFFICE OF ADMINISTRATIVE TAX APPEALS","N","6,283,628","6,721,785","6,729,095","43","46","46","3","4","3"
"20260512","2027","021","OFFICE OF ADMINISTRATIVE TAX APPEALS","Y","-191,497","-191,497","-528,497","-2","-2","-5","1","1","1"
"20260217","2027","021","OFFICE OF ADMINISTRATIVE TAX APPEALS","N","6,283,628","6,721,785","6,732,095","43","46","46","3","4","3"
"20260217","2027","021","OFFICE OF ADMINISTRATIVE TAX APPEALS","Y","-191,497","-191,497","-191,497","-2","-2","-2","1","1","1"
"20260512","2027","025","LAW DEPARTMENT","Y","4,108,097","0","44,601,796","-309","0","297","0","0","0"
"20260512","2027","025","LAW DEPARTMENT","N","272,706,200","327,228,280","302,190,706","1,819","1,612","1,510","430","429","430"
"20260217","2027","025","LAW DEPARTMENT","N","272,706,200","290,903,890","298,934,500","1,819","1,510","1,510","430","429","430"
"20260217","2027","025","LAW DEPARTMENT","Y","4,108,097","-10,000,000","46,162,584","-309","0","300","0","0","0"
"20260512","2027","030","DEPARTMENT OF CITY PLANNING","Y","63,132","63,132","5,356,038","-10","-10","25","0","0","0"
"20260512","2027","030","DEPARTMENT OF CITY PLANNING","N","56,725,815","58,447,296","53,228,813","374","380","385","19","22","20"
"20260217","2027","030","DEPARTMENT OF CITY PLANNING","N","56,725,815","57,472,546","51,816,147","374","374","383","19","22","20"
"20260217","2027","030","DEPARTMENT OF CITY PLANNING","Y","63,132","63,132","-363,418","-10","-10","-13","0","0","0"
"20260512","2027","032","DEPARTMENT OF INVESTIGATION","Y","-1,047,505","-2,563,723","-3,709,876","10","0","-11","0","0","0"
"20260512","2027","032","DEPARTMENT OF INVESTIGATION","N","56,921,973","69,227,471","57,431,014","283","313","293","33","20","33"
"20260217","2027","032","DEPARTMENT OF INVESTIGATION","Y","-1,047,505","-2,563,723","-2,565,876","10","0","0","0","0","0"
"20260217","2027","032","DEPARTMENT OF INVESTIGATION","N","56,921,973","66,077,354","56,672,080","283","309","293","33","20","33"
"20260512","2027","035","NEW YORK RESEARCH LIBRARIES","N","37,866,916","37,866,916","38,390,279","0","0","0","0","0","0"
"20260217","2027","035","NEW YORK RESEARCH LIBRARIES","N","37,866,916","37,866,916","35,645,699","0","0","0","0","0","0"
"20260512","2027","037","NEW YORK PUBLIC LIBRARY","N","190,598,450","193,297,237","191,998,230","0","0","0","0","0","0"
"20260217","2027","037","NEW YORK PUBLIC LIBRARY","N","190,598,450","192,520,715","178,956,363","0","0","0","0","0","0"
"20260512","2027","038","BROOKLYN PUBLIC LIBRARY","N","144,774,313","147,402,091","145,868,372","0","0","0","0","0","0"
"20260217","2027","038","BROOKLYN PUBLIC LIBRARY","N","144,774,313","146,546,694","136,090,170","0","0","0","0","0","0"
"20260512","2027","039","QUEENS BOROUGH PUBLIC LIBRARY","N","149,900,210","150,990,079","150,372,276","0","0","0","0","0","0"
"20260217","2027","039","QUEENS BOROUGH PUBLIC LIBRARY","N","149,900,210","150,336,753","140,743,132","0","0","0","0","0","0"
"20260512","2027","040","DEPARTMENT OF EDUCATION","N","35,181,857,041","37,257,338,248","38,101,301,570","140,218","141,009","142,109","6,363","6,364","6,321"
"20260512","2027","040","DEPARTMENT OF EDUCATION","Y","-185,265,434","-101,163,954","-177,264,039","-148","-498","-695","0","0","-20"
"20260217","2027","040","DEPARTMENT OF EDUCATION","N","35,181,857,041","35,474,526,374","38,108,938,547","140,218","140,597","141,028","6,363","6,359","6,321"
"20260217","2027","040","DEPARTMENT OF EDUCATION","Y","-185,265,434","-246,163,954","-79,073,671","-148","-498","-498","0","0","-20"
"20260512","2027","042","CITY UNIVERSITY OF NEW YORK","Y","-2,000,000","-52,000,000","-23,524,000","-237","-237","-237","0","0","0"
"20260512","2027","042","CITY UNIVERSITY OF NEW YORK","N","1,556,336,905","1,694,386,654","1,594,970,651","6,261","6,265","6,261","77","75","77"
"20260217","2027","042","CITY UNIVERSITY OF NEW YORK","Y","-2,000,000","-52,000,000","-2,000,000","-237","-237","-237","0","0","0"
"20260217","2027","042","CITY UNIVERSITY OF NEW YORK","N","1,556,336,905","1,670,231,056","1,552,314,329","6,261","6,265","6,261","77","76","77"
"20260512","2027","054","CIVILIAN COMPLAINT REVIEW BOARD","N","29,167,829","29,414,058","32,545,901","267","267","275","23","25","24"
"20260217","2027","054","CIVILIAN COMPLAINT REVIEW BOARD","N","29,167,829","29,414,058","29,188,717","267","267","267","23","25","24"
"20260512","2027","056","POLICE DEPARTMENT","Y","-272,716,432","-144,481,945","-91,391,850","-2,248","2","226","0","0","0"
"20260512","2027","056","POLICE DEPARTMENT","N","6,549,252,297","7,094,884,128","6,677,735,900","51,098","49,119","48,530","463","453","463"
"20260217","2027","056","POLICE DEPARTMENT","N","6,549,252,297","6,558,156,162","6,699,172,323","51,098","49,062","48,872","463","454","463"
"20260217","2027","056","POLICE DEPARTMENT","Y","-272,716,432","-112,449,452","-1,896,617","-2,248","2","2","0","0","0"
"20260512","2027","057","FIRE DEPARTMENT","Y","-27,762,564","105,020,641","-293,193","288","-25","76","2","2","1"
"20260512","2027","057","FIRE DEPARTMENT","N","2,648,978,521","2,723,977,411","2,669,857,921","17,322","17,600","17,648","225","231","225"
"20260217","2027","057","FIRE DEPARTMENT","Y","-27,762,564","-26,453,369","24,352,597","288","317","317","2","2","1"
"20260217","2027","057","FIRE DEPARTMENT","N","2,648,978,521","2,666,013,101","2,621,436,718","17,322","17,260","17,249","225","232","225"
"20260512","2027","058","OFFICE OF COMMUNITY SAFETY","N","0","0","2,918,000","0","0","9","0","0","1"
"20260512","2027","063","DEPARTMENT OF VETERANS' SERVICES","Y","0","29,391","44,750","0","0","0","0","0","0"
"20260512","2027","063","DEPARTMENT OF VETERANS' SERVICES","N","7,634,186","7,634,186","6,567,842","49","50","50","4","4","4"
"20260217","2027","063","DEPARTMENT OF VETERANS' SERVICES","Y","0","0","44,750","0","0","0","0","0","0"
"20260217","2027","063","DEPARTMENT OF VETERANS' SERVICES","N","7,634,186","7,634,186","6,564,018","49","50","49","4","4","4"
"20260512","2027","068","ADMIN FOR CHILDREN'S SERVICES","N","2,984,752,651","4,199,832,923","3,308,544,225","7,038","7,094","7,101","577","577","571"
"20260512","2027","068","ADMIN FOR CHILDREN'S SERVICES","Y","156,997,368","181,368,197","206,015,570","-12","-12","-76","0","0","0"
"20260217","2027","068","ADMIN FOR CHILDREN'S SERVICES","Y","156,997,368","150,477,368","436,457,100","-12","-12","-12","0","0","0"
"20260217","2027","068","ADMIN FOR CHILDREN'S SERVICES","N","2,984,752,651","3,500,545,070","2,988,508,232","7,038","7,039","7,101","577","577","574"
"20260512","2027","069","DEPARTMENT OF SOCIAL SERVICES","N","11,896,970,991","14,252,821,872","14,593,845,579","11,995","12,220","12,146","1,372","338,493","1,273"
"20260512","2027","069","DEPARTMENT OF SOCIAL SERVICES","Y","77,337,448","-34,811,106","5,241,213","334","297","297","0","0","0"
"20260217","2027","069","DEPARTMENT OF SOCIAL SERVICES","N","11,896,970,991","12,502,871,695","14,608,024,005","11,995","12,025","12,205","1,372","1,391","1,273"
"20260217","2027","069","DEPARTMENT OF SOCIAL SERVICES","Y","77,337,448","-39,415,288","20,304,095","334","297","297","0","0","0"
"20260512","2027","071","DEPARTMENT OF HOMELESS SERVICES","Y","-15,244,980","-31,711,856","-60,040,274","-179","-179","-33","0","0","0"
"20260512","2027","071","DEPARTMENT OF HOMELESS SERVICES","N","3,569,671,664","4,532,642,991","4,276,512,998","2,112","2,383","1,965","582","575","577"
"20260217","2027","071","DEPARTMENT OF HOMELESS SERVICES","Y","-15,244,980","-70,395,004","135,864,468","-179","-179","-33","0","0","0"
"20260217","2027","071","DEPARTMENT OF HOMELESS SERVICES","N","3,569,671,664","3,950,123,812","4,493,315,218","2,112","2,171","2,148","582","574","577"
"20260512","2027","072","DEPARTMENT OF CORRECTION","N","1,212,695,375","1,215,657,456","1,291,428,304","8,806","8,811","8,421","65","60","65"
"20260512","2027","072","DEPARTMENT OF CORRECTION","Y","-130,000","185,203,302","-32,429,252","-1","0","-200","0","0","0"
"20260217","2027","072","DEPARTMENT OF CORRECTION","N","1,212,695,375","1,214,066,508","1,264,517,664","8,806","8,811","8,806","65","60","65"
"20260217","2027","072","DEPARTMENT OF CORRECTION","Y","-130,000","0","-832,408","-1","0","0","0","0","0"
"20260512","2027","073","BOARD OF CORRECTION","N","4,086,397","4,200,906","3,595,469","33","33","31","2","2","2"
"20260217","2027","073","BOARD OF CORRECTION","N","4,086,397","4,136,789","3,999,397","33","33","33","2","2","2"
"20260512","2027","095","PENSION CONTRIBUTIONS","N","10,478,679,824","10,494,750,974","10,403,114,850","0","0","0","0","0","0"
"20260512","2027","095","PENSION CONTRIBUTIONS","Y","0","0","-1,643,700,000","0","0","0","0","0","0"
"20260217","2027","095","PENSION CONTRIBUTIONS","Y","0","0","-170,000,000","0","0","0","0","0","0"
"20260217","2027","095","PENSION CONTRIBUTIONS","N","10,478,679,824","10,478,679,824","10,703,135,397","0","0","0","0","0","0"
"20260512","2027","098","MISCELLANEOUS","Y","0","-922,000,000","0","0","0","0","0","0","0"
"20260512","2027","098","MISCELLANEOUS","N","15,528,804,614","14,390,635,430","15,355,767,840","0","0","0","14","15","14"
"20260217","2027","098","MISCELLANEOUS","Y","0","-212,000,000","0","0","0","0","0","0","0"
"20260217","2027","098","MISCELLANEOUS","N","15,528,804,614","15,462,792,370","15,931,941,870","0","0","0","14","15","14"
"20260512","2027","099","DEBT SERVICE","N","4,874,454,475","4,789,906,052","8,471,683,074","0","0","0","2","2","2"
"20260217","2027","099","DEBT SERVICE","N","4,874,454,475","4,829,835,626","9,289,484,329","0","0","0","2","2","2"
"20260512","2027","101","PUBLIC ADVOCATE","N","6,577,266","6,577,266","6,606,530","63","63","63","2","2","2"
"20260512","2027","101","PUBLIC ADVOCATE","Y","-1,034,608","-873,870","-1,034,608","-7","-7","-7","0","0","0"
"20260217","2027","101","PUBLIC ADVOCATE","Y","-1,034,608","-1,034,608","-1,034,608","-7","-7","-7","0","0","0"
"20260217","2027","101","PUBLIC ADVOCATE","N","6,577,266","6,577,266","6,577,334","63","63","63","2","2","2"
"20260512","2027","102","CITY COUNCIL","N","115,049,827","115,049,827","127,061,862","1,021","1,021","1,078","78","78","78"
"20260217","2027","102","CITY COUNCIL","Y","0","0","20,777,115","0","0","106","0","0","0"
"20260217","2027","102","CITY COUNCIL","N","115,049,827","115,049,827","74,858,042","1,021","1,021","839","78","78","82"
"20260512","2027","103","CITY CLERK","Y","-33,699","0","0","-3","0","0","0","0","0"
"20260512","2027","103","CITY CLERK","N","8,958,412","8,924,713","6,016,123","58","55","55","6","6","6"
"20260217","2027","103","CITY CLERK","Y","-33,699","0","0","-3","0","0","0","0","0"
"20260217","2027","103","CITY CLERK","N","8,958,412","8,924,713","6,002,553","58","55","55","6","6","6"
"20260512","2027","125","DEPARTMENT FOR THE AGING","Y","122,233,858","11,711,738","28,486,167","0","0","0","0","0","0"
"20260512","2027","125","DEPARTMENT FOR THE AGING","N","483,240,847","610,619,290","548,563,886","340","352","343","1,426","1,429","1,471"
"20260217","2027","125","DEPARTMENT FOR THE AGING","N","483,240,847","598,674,177","523,451,590","340","352","352","1,426","1,427","1,470"
"20260217","2027","125","DEPARTMENT FOR THE AGING","Y","122,233,858","15,286,804","50,036,759","0","0","0","0","0","0"
"20260512","2027","126","DEPARTMENT OF CULTURAL AFFAIRS","Y","0","0","-300,000","0","0","-5","0","0","0"
"20260512","2027","126","DEPARTMENT OF CULTURAL AFFAIRS","N","299,657,922","301,495,861","239,946,730","58","58","58","658","657","658"
"20260217","2027","126","DEPARTMENT OF CULTURAL AFFAIRS","Y","0","0","0","0","0","0","0","0","0"
"20260217","2027","126","DEPARTMENT OF CULTURAL AFFAIRS","N","299,657,922","300,684,651","215,948,310","58","58","58","658","657","658"
"20260512","2027","127","FINANCIAL INFORMATION SERVICE AGENCY","N","124,279,658","127,185,281","123,488,563","430","400","400","64","64","64"
"20260512","2027","127","FINANCIAL INFORMATION SERVICE AGENCY","Y","-1,348,745","0","1,565,916","-30","0","-2","0","0","0"
"20260217","2027","127","FINANCIAL INFORMATION SERVICE AGENCY","Y","-1,348,745","0","1,712,647","-30","0","0","0","0","0"
"20260217","2027","127","FINANCIAL INFORMATION SERVICE AGENCY","N","124,279,658","123,138,913","122,723,962","430","400","400","64","64","64"
"20260512","2027","128","OFFICE OF CRIMINAL JUSTICE","N","848,123,673","1,040,041,184","897,626,772","74","146","72","80","91","63"
"20260512","2027","128","OFFICE OF CRIMINAL JUSTICE","Y","20,194,055","0","-12,648,183","0","0","0","0","0","0"
"20260217","2027","128","OFFICE OF CRIMINAL JUSTICE","Y","20,194,055","0","1","0","0","0","0","0","0"
"20260217","2027","128","OFFICE OF CRIMINAL JUSTICE","N","848,123,673","1,030,696,337","889,582,521","74","146","77","80","90","61"
"20260512","2027","131","OFFICE OF PAYROLL ADMINISTRATION","Y","52,274","0","-442,000","-10","0","-4","0","0","0"
"20260512","2027","131","OFFICE OF PAYROLL ADMINISTRATION","N","17,521,095","19,520,952","17,592,942","150","140","140","11","8","11"
"20260217","2027","131","OFFICE OF PAYROLL ADMINISTRATION","Y","52,274","0","0","-10","0","0","0","0","0"
"20260217","2027","131","OFFICE OF PAYROLL ADMINISTRATION","N","17,521,095","18,591,189","17,592,942","150","140","140","11","11","11"
"20260512","2027","132","INDEPENDENT BUDGET OFFICE","N","8,071,880","8,283,761","8,431,124","38","38","38","9","10","9"
"20260512","2027","132","INDEPENDENT BUDGET OFFICE","Y","271,523","0","14,750","0","0","0","0","0","0"
"20260217","2027","132","INDEPENDENT BUDGET OFFICE","N","8,071,880","8,283,761","8,199,741","38","38","38","9","9","8"
"20260217","2027","132","INDEPENDENT BUDGET OFFICE","Y","271,523","0","227,292","0","0","0","0","0","0"
"20260512","2027","133","EQUAL EMPLOYMENT PRACTICES COMMISSION","N","1,689,048","1,599,048","1,600,246","16","15","15","2","2","2"
"20260512","2027","133","EQUAL EMPLOYMENT PRACTICES COMMISSION","Y","-83,000","7,000","7,000","-1","0","0","0","0","0"
"20260217","2027","133","EQUAL EMPLOYMENT PRACTICES COMMISSION","Y","-83,000","7,000","7,000","-1","0","0","0","0","0"
"20260217","2027","133","EQUAL EMPLOYMENT PRACTICES COMMISSION","N","1,689,048","1,599,048","1,600,246","16","15","15","2","2","2"
"20260512","2027","134","CIVIL SERVICE COMMISSION","N","1,228,443","1,217,197","1,217,197","7","7","7","3","3","3"
"20260512","2027","134","CIVIL SERVICE COMMISSION","Y","-11,246","0","0","0","0","0","0","0","0"
"20260217","2027","134","CIVIL SERVICE COMMISSION","Y","-11,246","0","0","0","0","0","0","0","0"
"20260217","2027","134","CIVIL SERVICE COMMISSION","N","1,228,443","1,217,197","1,217,197","7","7","7","3","3","3"
"20260512","2027","136","LANDMARKS PRESERVATION COMM.","N","8,362,404","8,963,429","8,234,711","80","81","81","20","20","20"
"20260512","2027","136","LANDMARKS PRESERVATION COMM.","Y","-218,039","0","-121,000","-3","-3","-5","0","0","0"
"20260217","2027","136","LANDMARKS PRESERVATION COMM.","N","8,362,404","8,963,429","8,148,242","80","81","81","20","20","20"
"20260217","2027","136","LANDMARKS PRESERVATION COMM.","Y","-218,039","0","0","-3","-3","-3","0","0","0"
"20260512","2027","156","NYC TAXI AND LIMOUSINE COMM","Y","-4,173,742","-4,173,742","-6,684,289","-3","-3","-55","0","0","0"
"20260512","2027","156","NYC TAXI AND LIMOUSINE COMM","N","62,307,600","66,207,600","76,325,368","549","549","549","32","28","30"
"20260217","2027","156","NYC TAXI AND LIMOUSINE COMM","N","62,307,600","66,207,600","62,095,083","549","549","549","32","28","30"
"20260217","2027","156","NYC TAXI AND LIMOUSINE COMM","Y","-4,173,742","-4,173,742","-4,173,742","-3","-3","-3","0","0","0"
"20260512","2027","213","OFFICE OF RACIAL EQUITY","Y","-246,000","0","-375,000","0","0","-3","0","0","0"
"20260512","2027","213","OFFICE OF RACIAL EQUITY","N","7,523,388","5,716,204","9,947,657","38","38","41","0","2","0"
"20260217","2027","213","OFFICE OF RACIAL EQUITY","N","7,523,388","6,726,204","5,627,388","38","38","38","0","2","0"
"20260217","2027","213","OFFICE OF RACIAL EQUITY","Y","-246,000","0","0","0","0","0","0","0","0"
"20260512","2027","215","COMMISSION ON RACIAL EQUITY","N","4,827,741","4,827,741","4,627,741","16","16","16","4","4","4"
"20260217","2027","215","COMMISSION ON RACIAL EQUITY","N","4,827,741","4,827,741","4,627,741","16","16","16","4","4","4"
"20260512","2027","226","COMMISSION ON HUMAN RIGHTS","N","15,371,167","15,746,142","13,396,983","141","141","124","5","16","5"
"20260512","2027","226","COMMISSION ON HUMAN RIGHTS","Y","-15,507","0","1","0","0","0","0","0","0"
"20260217","2027","226","COMMISSION ON HUMAN RIGHTS","Y","-15,507","-706,507","1","0","0","0","0","0","0"
"20260217","2027","226","COMMISSION ON HUMAN RIGHTS","N","15,371,167","16,142,649","14,257,916","141","141","133","5","16","5"
"20260512","2027","260","DEPARTMENT OF YOUTH & COMMUNITY DEV","Y","28,905,925","-161,912,441","20,769,442","34","34","7","0","0","0"
"20260512","2027","260","DEPARTMENT OF YOUTH & COMMUNITY DEV","N","1,485,235,517","1,710,049,157","1,598,626,153","607","687","697","1,025","1,036","1,032"
"20260217","2027","260","DEPARTMENT OF YOUTH & COMMUNITY DEV","Y","28,905,925","-168,811,490","58,024,562","34","34","34","0","0","0"
"20260217","2027","260","DEPARTMENT OF YOUTH & COMMUNITY DEV","N","1,485,235,517","1,697,854,907","1,575,609,145","607","687","681","1,025","1,036","1,031"
"20260512","2027","312","CONFLICTS OF INTEREST BOARD","Y","-1,000","0","0","0","0","0","0","0","0"
"20260512","2027","312","CONFLICTS OF INTEREST BOARD","N","2,861,750","2,860,750","3,011,066","22","22","24","7","7","7"
"20260217","2027","312","CONFLICTS OF INTEREST BOARD","N","2,861,750","2,860,750","2,861,782","22","22","22","7","7","7"
"20260217","2027","312","CONFLICTS OF INTEREST BOARD","Y","-1,000","0","0","0","0","0","0","0","0"
"20260512","2027","313","OFFICE OF COLLECTIVE BARGAINING","N","2,825,195","2,825,195","2,825,196","15","15","15","7","6","7"
"20260217","2027","313","OFFICE OF COLLECTIVE BARGAINING","N","2,825,195","2,825,195","2,825,196","15","15","15","7","7","7"
"20260512","2027","341","MANHATTAN COMMUNITY BOARD #1","N","302,305","471,499","296,305","3","3","3","1","2","1"
"20260217","2027","341","MANHATTAN COMMUNITY BOARD #1","N","302,305","471,499","296,305","3","3","3","1","2","1"
"20260512","2027","342","MANHATTAN COMMUNITY BOARD #2","N","391,085","479,204","390,632","4","4","4","2","4","2"
"20260217","2027","342","MANHATTAN COMMUNITY BOARD #2","N","391,085","469,404","386,085","4","4","4","2","4","2"
"20260512","2027","343","MANHATTAN COMMUNITY BOARD #3","N","451,596","463,410","463,207","4","4","4","0","4","0"
"20260217","2027","343","MANHATTAN COMMUNITY BOARD #3","N","451,596","463,410","443,096","4","4","4","0","4","0"
"20260512","2027","344","MANHATTAN COMMUNITY BOARD #4","N","449,041","449,041","449,041","3","3","3","1","2","1"
"20260217","2027","344","MANHATTAN COMMUNITY BOARD #4","N","449,041","449,041","449,041","3","3","3","1","2","1"
"20260512","2027","345","MANHATTAN COMMUNITY BOARD #5","N","421,019","421,019","423,470","3","3","3","1","1","1"
"20260217","2027","345","MANHATTAN COMMUNITY BOARD #5","N","421,019","421,019","416,019","3","3","3","1","1","1"
"20260512","2027","346","MANHATTAN COMMUNITY BOARD #6","N","481,762","627,663","474,081","4","4","4","1","1","1"
"20260217","2027","346","MANHATTAN COMMUNITY BOARD #6","N","481,762","627,663","473,262","4","4","4","1","1","1"
"20260512","2027","347","MANHATTAN COMMUNITY BOARD #7","N","476,493","476,493","474,944","3","3","3","1","1","1"
"20260217","2027","347","MANHATTAN COMMUNITY BOARD #7","N","476,493","476,493","465,493","3","3","3","1","1","1"
"20260512","2027","348","MANHATTAN COMMUNITY BOARD #8","N","473,952","473,952","461,314","4","4","4","2","2","2"
"20260217","2027","348","MANHATTAN COMMUNITY BOARD #8","N","473,952","473,952","458,952","4","4","4","2","2","2"
"20260512","2027","349","MANHATTAN COMMUNITY BOARD #9","N","431,952","451,952","422,102","2","2","2","2","2","2"
"20260217","2027","349","MANHATTAN COMMUNITY BOARD #9","N","431,952","431,952","414,452","2","2","2","2","2","2"
"20260512","2027","350","MANHATTAN COMMUNITY BOARD #10","N","514,822","514,822","499,822","3","3","3","0","0","0"
"20260217","2027","350","MANHATTAN COMMUNITY BOARD #10","N","514,822","514,822","499,822","3","3","3","0","0","0"
"20260512","2027","351","MANHATTAN COMMUNITY BOARD #11","N","410,575","410,575","394,946","3","3","3","1","2","1"
"20260217","2027","351","MANHATTAN COMMUNITY BOARD #11","N","410,575","410,575","393,075","3","3","3","1","2","1"
"20260512","2027","352","MANHATTAN COMMUNITY BOARD #12","N","450,041","450,041","493,989","3","3","3","1","1","1"
"20260217","2027","352","MANHATTAN COMMUNITY BOARD #12","N","450,041","450,041","437,541","3","3","3","1","1","1"
"20260512","2027","381","BRONX COMMUNITY BOARD #1","N","366,943","366,943","362,271","2","2","2","1","0","1"
"20260217","2027","381","BRONX COMMUNITY BOARD #1","N","366,943","366,943","361,943","2","2","2","1","0","1"
"20260512","2027","382","BRONX COMMUNITY BOARD #2","N","399,815","409,815","374,815","2","2","2","1","1","1"
"20260217","2027","382","BRONX COMMUNITY BOARD #2","N","399,815","409,815","374,815","2","2","2","1","1","1"
"20260512","2027","383","BRONX COMMUNITY BOARD #3","N","340,425","340,425","339,852","2","2","2","1","1","1"
"20260217","2027","383","BRONX COMMUNITY BOARD #3","N","340,425","340,425","340,425","2","2","2","1","1","1"
"20260512","2027","384","BRONX COMMUNITY BOARD #4","N","313,241","313,668","313,241","3","3","3","0","0","0"
"20260217","2027","384","BRONX COMMUNITY BOARD #4","N","313,241","313,668","313,241","3","3","3","0","0","0"
"20260512","2027","385","BRONX COMMUNITY BOARD #5","N","282,857","283,540","282,857","3","3","3","1","1","1"
"20260217","2027","385","BRONX COMMUNITY BOARD #5","N","282,857","283,540","282,857","3","3","3","1","1","1"
"20260512","2027","386","BRONX COMMUNITY BOARD #6","N","297,220","297,220","287,220","2","2","2","1","2","2"
"20260217","2027","386","BRONX COMMUNITY BOARD #6","N","297,220","297,220","287,220","2","2","2","1","2","2"
"20260512","2027","387","BRONX COMMUNITY BOARD #7","N","398,834","398,834","379,710","2","2","2","6","3","6"
"20260217","2027","387","BRONX COMMUNITY BOARD #7","N","398,834","398,834","378,834","2","2","2","6","4","6"
"20260512","2027","388","BRONX COMMUNITY BOARD #8","N","365,715","365,715","365,828","3","3","3","3","3","3"
"20260217","2027","388","BRONX COMMUNITY BOARD #8","N","365,715","365,715","365,715","3","3","3","3","3","3"
"20260512","2027","389","BRONX COMMUNITY BOARD #9","N","453,870","453,870","394,090","2","2","2","1","1","1"
"20260217","2027","389","BRONX COMMUNITY BOARD #9","N","453,870","453,870","388,870","2","2","2","1","1","1"
"20260512","2027","390","BRONX COMMUNITY BOARD #10","N","383,130","383,130","384,147","2","2","2","6","5","6"
"20260217","2027","390","BRONX COMMUNITY BOARD #10","N","383,130","383,130","383,130","2","2","2","6","5","6"
"20260512","2027","391","BRONX COMMUNITY BOARD #11","N","372,726","372,726","369,542","1","1","1","4","4","4"
"20260217","2027","391","BRONX COMMUNITY BOARD #11","N","372,726","372,726","367,726","1","1","1","4","4","4"
"20260512","2027","392","BRONX COMMUNITY BOARD #12","N","296,002","296,002","296,002","2","2","2","5","2","5"
"20260217","2027","392","BRONX COMMUNITY BOARD #12","N","296,002","296,002","296,002","2","2","2","5","2","5"
"20260512","2027","431","QUEENS COMMUNITY BOARD #1","N","341,878","418,538","340,878","2","2","2","4","2","4"
"20260217","2027","431","QUEENS COMMUNITY BOARD #1","N","341,878","410,480","340,878","2","2","2","4","2","4"
"20260512","2027","432","QUEENS COMMUNITY BOARD #2","N","416,566","416,566","415,566","3","3","3","4","4","4"
"20260217","2027","432","QUEENS COMMUNITY BOARD #2","N","416,566","416,566","415,566","3","3","3","4","4","4"
"20260512","2027","433","QUEENS COMMUNITY BOARD #3","N","401,524","403,253","401,288","5","5","5","4","5","4"
"20260217","2027","433","QUEENS COMMUNITY BOARD #3","N","401,524","403,253","396,524","5","5","5","4","5","4"
"20260512","2027","434","QUEENS COMMUNITY BOARD #4","N","361,481","359,481","350,742","4","4","4","2","4","2"
"20260217","2027","434","QUEENS COMMUNITY BOARD #4","N","361,481","359,481","349,481","4","4","4","2","3","2"
"20260512","2027","435","QUEENS COMMUNITY BOARD #5","N","353,468","351,468","346,905","2","2","2","4","5","4"
"20260217","2027","435","QUEENS COMMUNITY BOARD #5","N","353,468","351,468","346,468","2","2","2","4","5","4"
"20260512","2027","436","QUEENS COMMUNITY BOARD #6","N","385,645","383,645","383,906","2","2","2","2","4","2"
"20260217","2027","436","QUEENS COMMUNITY BOARD #6","N","385,645","383,645","378,645","2","2","2","2","4","2"
"20260512","2027","437","QUEENS COMMUNITY BOARD #7","N","394,912","394,912","394,912","2","2","2","3","4","3"
"20260217","2027","437","QUEENS COMMUNITY BOARD #7","N","394,912","394,912","394,912","2","2","2","3","4","3"
"20260512","2027","438","QUEENS COMMUNITY BOARD #8","N","407,127","407,127","408,354","3","3","3","1","2","1"
"20260217","2027","438","QUEENS COMMUNITY BOARD #8","N","407,127","407,127","407,127","3","3","3","1","2","1"
"20260512","2027","439","QUEENS COMMUNITY BOARD #9","N","292,231","292,231","294,279","3","3","3","2","1","2"
"20260217","2027","439","QUEENS COMMUNITY BOARD #9","N","292,231","292,231","292,231","3","3","3","2","1","2"
"20260512","2027","440","QUEENS COMMUNITY BOARD #10","N","340,680","340,680","341,056","3","3","3","6","6","6"
"20260217","2027","440","QUEENS COMMUNITY BOARD #10","N","340,680","340,680","340,680","3","3","3","6","6","6"
"20260512","2027","441","QUEENS COMMUNITY BOARD #11","N","377,984","377,984","378,709","2","2","2","5","4","5"
"20260217","2027","441","QUEENS COMMUNITY BOARD #11","N","377,984","377,984","377,984","2","2","2","5","6","5"
"20260512","2027","442","QUEENS COMMUNITY BOARD #12","N","371,442","371,442","374,125","3","3","3","2","3","2"
"20260217","2027","442","QUEENS COMMUNITY BOARD #12","N","371,442","371,442","371,442","3","3","3","2","3","2"
"20260512","2027","443","QUEENS COMMUNITY BOARD #13","N","358,205","358,205","362,342","2","2","2","2","3","2"
"20260217","2027","443","QUEENS COMMUNITY BOARD #13","N","358,205","358,205","358,205","2","2","2","2","3","2"
"20260512","2027","444","QUEENS COMMUNITY BOARD #14","N","305,806","305,806","305,916","2","2","2","1","2","1"
"20260217","2027","444","QUEENS COMMUNITY BOARD #14","N","305,806","305,806","305,806","2","2","2","1","2","1"
"20260512","2027","471","BROOKLYN COMMUNITY BOARD #1","N","393,231","393,231","393,167","3","3","3","0","0","0"
"20260217","2027","471","BROOKLYN COMMUNITY BOARD #1","N","393,231","393,231","393,231","3","3","3","0","0","0"
"20260512","2027","472","BROOKLYN COMMUNITY BOARD #2","N","365,767","365,767","359,767","3","3","3","0","0","0"
"20260217","2027","472","BROOKLYN COMMUNITY BOARD #2","N","365,767","365,767","359,767","3","3","3","0","0","0"
"20260512","2027","473","BROOKLYN COMMUNITY BOARD #3","N","320,444","320,444","323,680","3","3","3","3","4","3"
"20260217","2027","473","BROOKLYN COMMUNITY BOARD #3","N","320,444","320,444","320,444","3","3","3","3","4","3"
"20260512","2027","474","BROOKLYN COMMUNITY BOARD #4","N","345,739","345,739","344,003","3","3","3","4","3","4"
"20260217","2027","474","BROOKLYN COMMUNITY BOARD #4","N","345,739","345,739","340,739","3","3","3","4","3","4"
"20260512","2027","475","BROOKLYN COMMUNITY BOARD #5","N","292,874","292,874","287,874","2","2","2","3","4","3"
"20260217","2027","475","BROOKLYN COMMUNITY BOARD #5","N","292,874","292,874","287,874","2","2","2","3","3","3"
"20260512","2027","476","BROOKLYN COMMUNITY BOARD #6","N","399,467","399,467","396,967","3","3","3","1","1","1"
"20260217","2027","476","BROOKLYN COMMUNITY BOARD #6","N","399,467","399,467","396,967","3","3","3","1","1","1"
"20260512","2027","477","BROOKLYN COMMUNITY BOARD #7","N","301,427","300,927","296,427","3","3","3","2","2","2"
"20260217","2027","477","BROOKLYN COMMUNITY BOARD #7","N","301,427","300,927","296,427","3","3","3","2","3","2"
"20260512","2027","478","BROOKLYN COMMUNITY BOARD #8","N","380,585","380,585","380,981","3","3","3","3","4","3"
"20260217","2027","478","BROOKLYN COMMUNITY BOARD #8","N","380,585","380,585","377,636","3","3","3","3","3","3"
"20260512","2027","479","BROOKLYN COMMUNITY BOARD #9","N","421,418","421,418","419,485","2","2","2","6","6","6"
"20260217","2027","479","BROOKLYN COMMUNITY BOARD #9","N","421,418","421,418","415,918","2","2","2","6","6","6"
"20260512","2027","480","BROOKLYN COMMUNITY BOARD #10","N","392,890","392,890","393,430","2","2","2","3","6","4"
"20260217","2027","480","BROOKLYN COMMUNITY BOARD #10","N","392,890","392,890","392,959","2","2","2","3","6","4"
"20260512","2027","481","BROOKLYN COMMUNITY BOARD #11","N","383,858","383,858","391,802","1","1","1","8","8","8"
"20260217","2027","481","BROOKLYN COMMUNITY BOARD #11","N","383,858","383,858","383,858","1","1","1","8","8","8"
"20260512","2027","482","BROOKLYN COMMUNITY BOARD #12","N","383,723","383,723","386,926","2","2","2","5","4","5"
"20260217","2027","482","BROOKLYN COMMUNITY BOARD #12","N","383,723","383,723","378,723","2","2","2","5","5","5"
"20260512","2027","483","BROOKLYN COMMUNITY BOARD #13","N","414,056","414,056","416,510","2","2","2","4","5","4"
"20260217","2027","483","BROOKLYN COMMUNITY BOARD #13","N","414,056","414,056","414,056","2","2","2","4","5","4"
"20260512","2027","484","BROOKLYN COMMUNITY BOARD #14","N","425,845","425,845","420,032","3","3","3","3","4","3"
"20260217","2027","484","BROOKLYN COMMUNITY BOARD #14","N","425,845","425,845","418,345","3","3","3","3","4","3"
"20260512","2027","485","BROOKLYN COMMUNITY BOARD #15","N","280,971","280,971","280,971","3","3","3","1","1","1"
"20260217","2027","485","BROOKLYN COMMUNITY BOARD #15","N","280,971","280,971","280,971","3","3","3","1","1","1"
"20260512","2027","486","BROOKLYN COMMUNITY BOARD #16","N","313,065","313,065","308,065","3","3","3","1","1","1"
"20260217","2027","486","BROOKLYN COMMUNITY BOARD #16","N","313,065","313,065","308,065","3","3","3","1","2","1"
"20260512","2027","487","BROOKLYN COMMUNITY BOARD #17","N","403,279","403,279","407,159","4","4","4","5","6","5"
"20260217","2027","487","BROOKLYN COMMUNITY BOARD #17","N","403,279","403,279","395,779","4","4","4","5","6","5"
"20260512","2027","488","BROOKLYN COMMUNITY BOARD #18","N","292,201","292,201","292,201","2","2","2","4","5","4"
"20260217","2027","488","BROOKLYN COMMUNITY BOARD #18","N","292,201","292,201","292,201","2","2","2","4","4","4"
"20260512","2027","491","STATEN ISLAND COMMUNITY BOARD #1","N","369,744","369,744","371,667","3","3","3","0","0","0"
"20260217","2027","491","STATEN ISLAND COMMUNITY BOARD #1","N","369,744","369,744","369,744","3","3","3","0","0","0"
"20260512","2027","492","STATEN ISLAND COMMUNITY BOARD #2","N","325,687","325,687","325,687","1","1","1","2","3","2"
"20260217","2027","492","STATEN ISLAND COMMUNITY BOARD #2","N","325,687","325,687","325,687","1","1","1","2","3","2"
"20260512","2027","493","STATEN ISLAND COMMUNITY BOARD #3","N","432,660","432,660","433,825","3","3","3","2","2","2"
"20260217","2027","493","STATEN ISLAND COMMUNITY BOARD #3","N","432,660","432,660","430,660","3","3","3","2","2","2"
"20260512","2027","781","DEPARTMENT OF PROBATION","N","130,615,543","127,363,430","105,006,056","1,163","1,074","1,018","24","22","16"
"20260512","2027","781","DEPARTMENT OF PROBATION","Y","-14,957,053","-2,510,111","554,982","-88","0","0","0","0","0"
"20260217","2027","781","DEPARTMENT OF PROBATION","N","130,615,543","118,528,211","115,634,091","1,163","1,075","1,074","24","22","16"
"20260217","2027","781","DEPARTMENT OF PROBATION","Y","-14,957,053","-2,868,991","554,982","-88","0","0","0","0","0"
"20260512","2027","801","DEPARTMENT OF SMALL BUSINESS SERVICES","Y","6,375,000","2,775,000","7,108,917","1","0","-7","0","0","1"
"20260512","2027","801","DEPARTMENT OF SMALL BUSINESS SERVICES","N","273,336,843","366,938,135","219,070,670","369","400","396","113","117","110"
"20260217","2027","801","DEPARTMENT OF SMALL BUSINESS SERVICES","Y","6,375,000","2,775,000","515,000","1","0","1","0","0","0"
"20260217","2027","801","DEPARTMENT OF SMALL BUSINESS SERVICES","N","273,336,843","336,932,723","184,958,837","369","370","396","113","117","110"
"20260512","2027","806","HOUSING PRESERVATION AND DEVELOPMENT","Y","-52,298","361,452","4,814,010","-1","4","4","0","0","0"
"20260512","2027","806","HOUSING PRESERVATION AND DEVELOPMENT","N","1,611,172,988","2,071,830,101","1,534,192,098","2,839","2,875","2,866","122","121","121"
"20260217","2027","806","HOUSING PRESERVATION AND DEVELOPMENT","Y","-52,298","-52,298","832,702","-1","-1","4","0","0","0"
"20260217","2027","806","HOUSING PRESERVATION AND DEVELOPMENT","N","1,611,172,988","2,007,018,871","1,456,740,545","2,839","2,858","2,877","122","120","120"
"20260512","2027","810","DEPARTMENT OF BUILDINGS","Y","1,587,399","-285,121","-1,790,648","17","0","-9","0","0","0"
"20260512","2027","810","DEPARTMENT OF BUILDINGS","N","229,281,332","233,357,102","226,668,497","1,805","1,853","1,864","19","20","18"
"20260217","2027","810","DEPARTMENT OF BUILDINGS","Y","1,587,399","-655,121","70,587","17","0","0","0","0","0"
"20260217","2027","810","DEPARTMENT OF BUILDINGS","N","229,281,332","232,757,102","213,581,021","1,805","1,832","1,864","19","20","18"
"20260512","2027","816","DEPARTMENT OF HEALTH AND MENTAL HYGIENE","N","2,331,612,338","2,924,262,586","2,603,782,777","5,827","6,303","6,035","1,280","1,244","1,258"
"20260512","2027","816","DEPARTMENT OF HEALTH AND MENTAL HYGIENE","Y","108,975,186","3,648,404","39,776,416","104","-69","63","0","0","0"
"20260217","2027","816","DEPARTMENT OF HEALTH AND MENTAL HYGIENE","N","2,331,612,338","2,728,367,705","2,467,724,335","5,827","6,216","5,937","1,280","1,273","1,276"
"20260217","2027","816","DEPARTMENT OF HEALTH AND MENTAL HYGIENE","Y","108,975,186","-4,668,185","44,703,886","104","-69","17","0","0","0"
"20260512","2027","819","HEALTH AND HOSPITALS CORP","N","1,672,894,540","2,300,131,283","1,746,334,316","0","0","0","0","0","0"
"20260217","2027","819","HEALTH AND HOSPITALS CORP","N","1,672,894,540","2,125,890,916","1,739,238,115","0","0","0","0","0","0"
"20260512","2027","820","OFFICE OF ADMIN TRIALS & HEARINGS","N","84,716,682","81,802,220","82,469,036","500","470","470","34","36","30"
"20260512","2027","820","OFFICE OF ADMIN TRIALS & HEARINGS","Y","-3,814,136","0","0","-32","0","0","0","0","0"
"20260217","2027","820","OFFICE OF ADMIN TRIALS & HEARINGS","N","84,716,682","81,654,426","80,050,821","500","470","470","34","36","30"
"20260217","2027","820","OFFICE OF ADMIN TRIALS & HEARINGS","Y","-3,814,136","0","0","-32","0","0","0","0","0"
"20260512","2027","826","DEPARTMENT OF ENVIRONMENTAL PROTECT.","N","1,777,503,034","1,940,270,493","1,842,244,841","6,334","6,410","6,465","378","377","385"
"20260512","2027","826","DEPARTMENT OF ENVIRONMENTAL PROTECT.","Y","-25,864,047","-25,864,047","-25,864,047","-26","-26","-26","0","0","0"
"20260217","2027","826","DEPARTMENT OF ENVIRONMENTAL PROTECT.","Y","-25,864,047","-25,864,047","-25,864,047","-26","-26","0","0","0","0"
"20260217","2027","826","DEPARTMENT OF ENVIRONMENTAL PROTECT.","N","1,777,503,034","1,914,937,248","1,712,661,288","6,334","6,403","6,348","378","378","385"
"20260512","2027","827","DEPARTMENT OF SANITATION","N","1,908,133,113","2,157,582,256","1,976,395,144","9,694","9,625","9,657","178","165","174"
"20260512","2027","827","DEPARTMENT OF SANITATION","Y","79,830,543","91,873,964","134,988,363","-76","0","117","0","0","0"
"20260217","2027","827","DEPARTMENT OF SANITATION","Y","79,830,543","68,901,220","149,199,295","-76","0","6","0","0","0"
"20260217","2027","827","DEPARTMENT OF SANITATION","N","1,908,133,113","1,938,077,548","1,927,351,323","9,694","9,625","9,618","178","166","174"
"20260512","2027","829","BUSINESS INTEGRITY COMMISSION","Y","-182,271","0","-182,271","0","0","0","0","0","0"
"20260512","2027","829","BUSINESS INTEGRITY COMMISSION","N","8,907,189","9,160,670","9,023,638","72","72","72","5","6","6"
"20260217","2027","829","BUSINESS INTEGRITY COMMISSION","Y","-182,271","-182,271","-182,271","0","0","0","0","0","0"
"20260217","2027","829","BUSINESS INTEGRITY COMMISSION","N","8,907,189","9,337,453","8,914,419","72","72","72","5","6","6"
"20260512","2027","836","DEPARTMENT OF FINANCE","N","386,066,193","390,380,382","374,999,752","2,189","2,015","2,021","68","74","68"
"20260512","2027","836","DEPARTMENT OF FINANCE","Y","-14,873,022","-2,755,696","-1,150,000","-191","0","-12","0","0","0"
"20260217","2027","836","DEPARTMENT OF FINANCE","Y","-14,873,022","-8,934,003","0","-191","0","0","0","0","0"
"20260217","2027","836","DEPARTMENT OF FINANCE","N","386,066,193","396,126,211","378,498,082","2,189","2,010","2,021","68","74","68"
"20260512","2027","841","DEPARTMENT OF TRANSPORTATION","Y","-10,348,769","3,298,661","65,364,867","44","-2","104","0","0","0"
"20260512","2027","841","DEPARTMENT OF TRANSPORTATION","N","1,513,390,802","1,571,814,949","1,569,853,873","5,831","5,958","5,942","581","580","581"
"20260217","2027","841","DEPARTMENT OF TRANSPORTATION","Y","-10,348,769","3,492,573","40,576,676","44","-2","38","0","0","0"
"20260217","2027","841","DEPARTMENT OF TRANSPORTATION","N","1,513,390,802","1,561,391,513","1,516,213,762","5,831","5,951","5,961","581","576","581"
"20260512","2027","846","DEPARTMENT OF PARKS AND RECREATION","N","671,815,075","714,639,759","672,221,195","5,009","5,142","5,044","283","296","283"
"20260512","2027","846","DEPARTMENT OF PARKS AND RECREATION","Y","15,822,691","-4,796,406","13,153,048","25","0","97","0","0","0"
"20260217","2027","846","DEPARTMENT OF PARKS AND RECREATION","Y","15,822,691","-4,796,406","-5,950,000","25","0","0","0","0","0"
"20260217","2027","846","DEPARTMENT OF PARKS AND RECREATION","N","671,815,075","714,021,703","659,902,826","5,009","5,142","5,024","283","297","283"
"20260512","2027","850","DEPARTMENT OF DESIGN & CONSTRUCTION","N","163,825,578","182,129,807","164,966,843","1,194","1,207","1,223","58","62","58"
"20260512","2027","850","DEPARTMENT OF DESIGN & CONSTRUCTION","Y","663,981","0","-977,000","13","0","-9","0","0","0"
"20260217","2027","850","DEPARTMENT OF DESIGN & CONSTRUCTION","Y","663,981","0","0","13","0","0","0","0","0"
"20260217","2027","850","DEPARTMENT OF DESIGN & CONSTRUCTION","N","163,825,578","179,671,382","163,435,477","1,194","1,207","1,207","58","62","58"
"20260512","2027","856","DEPARTMENT OF CITYWIDE ADMIN SERVICE","Y","-3,721,952","-9,232,828","-13,233,282","0","12","2","-1","-1","-1"
"20260512","2027","856","DEPARTMENT OF CITYWIDE ADMIN SERVICE","N","1,778,387,127","1,896,183,033","1,993,640,070","2,417","2,433","2,427","136","154","138"
"20260217","2027","856","DEPARTMENT OF CITYWIDE ADMIN SERVICE","Y","-3,721,952","-6,432,828","-9,297,954","0","12","20","-1","-1","-1"
"20260217","2027","856","DEPARTMENT OF CITYWIDE ADMIN SERVICE","N","1,778,387,127","1,848,421,523","1,702,759,839","2,417","2,443","2,419","136","150","137"
"20260512","2027","858","DEPARTMENT OF INFO TECH & TELECOMM","N","833,375,167","1,005,861,195","771,282,785","1,574","1,565","1,619","224","232","223"
"20260512","2027","858","DEPARTMENT OF INFO TECH & TELECOMM","Y","-15,541,871","-14,684,677","-17,223,896","-1","-1","-23","0","0","0"
"20260217","2027","858","DEPARTMENT OF INFO TECH & TELECOMM","Y","-15,541,871","-14,712,627","-17,654,160","-1","-1","-1","0","0","0"
"20260217","2027","858","DEPARTMENT OF INFO TECH & TELECOMM","N","833,375,167","903,523,050","720,200,093","1,574","1,565","1,539","224","232","223"
"20260512","2027","860","DEPARTMENT OF RECORDS & INFORMATION SVS","N","15,720,617","16,172,600","16,952,909","67","50","49","3","4","3"
"20260512","2027","860","DEPARTMENT OF RECORDS & INFORMATION SVS","Y","-487,240","0","0","-18","0","0","0","0","0"
"20260217","2027","860","DEPARTMENT OF RECORDS & INFORMATION SVS","Y","-487,240","0","0","-18","0","0","0","0","0"
"20260217","2027","860","DEPARTMENT OF RECORDS & INFORMATION SVS","N","15,720,617","15,834,510","15,520,208","67","50","49","3","4","3"
"20260512","2027","866","DEPT OF CONSUMER & WORKER PROTECTION","N","76,915,083","85,538,980","78,878,592","523","484","561","25","33","27"
"20260512","2027","866","DEPT OF CONSUMER & WORKER PROTECTION","Y","-1,844,465","0","-431,505","-48","0","-1","0","0","0"
"20260217","2027","866","DEPT OF CONSUMER & WORKER PROTECTION","Y","-1,844,465","0","107,753","-48","0","0","0","0","0"
"20260217","2027","866","DEPT OF CONSUMER & WORKER PROTECTION","N","76,915,083","81,664,618","74,632,297","523","475","484","25","30","27"
"20260512","2027","901","DISTRICT ATTORNEY NEW YORK COUNTY","N","177,047,231","227,306,228","179,850,560","1,159","1,159","1,159","13","13","13"
"20260512","2027","901","DISTRICT ATTORNEY NEW YORK COUNTY","Y","2,983,591","0","0","167","167","167","0","0","0"
"20260217","2027","901","DISTRICT ATTORNEY NEW YORK COUNTY","Y","2,983,591","0","0","167","167","167","0","0","0"
"20260217","2027","901","DISTRICT ATTORNEY NEW YORK COUNTY","N","177,047,231","208,832,816","179,669,507","1,159","1,159","1,159","13","13","12"
"20260512","2027","902","DISTRICT ATTORNEY BRONX COUNTY","Y","10,703,845","0","0","109","235","235","0","0","0"
"20260512","2027","902","DISTRICT ATTORNEY BRONX COUNTY","N","117,616,871","161,896,222","143,689,699","1,119","1,119","1,119","7","8","7"
"20260217","2027","902","DISTRICT ATTORNEY BRONX COUNTY","N","117,616,871","161,086,967","142,068,555","1,119","1,119","1,119","7","8","7"
"20260217","2027","902","DISTRICT ATTORNEY BRONX COUNTY","Y","10,703,845","0","1,483,634","109","217","235","0","0","0"
"20260512","2027","903","DISTRICT ATTORNEY KINGS COUNTY","Y","14,126,962","0","0","102","0","0","0","0","0"
"20260512","2027","903","DISTRICT ATTORNEY KINGS COUNTY","N","143,771,471","203,280,649","166,781,430","1,098","1,383","1,383","13","12","12"
"20260217","2027","903","DISTRICT ATTORNEY KINGS COUNTY","N","143,771,471","193,728,861","162,173,838","1,098","1,205","1,205","13","12","12"
"20260217","2027","903","DISTRICT ATTORNEY KINGS COUNTY","Y","14,126,962","3,742,352","4,213,390","102","154","178","0","0","0"
"20260512","2027","904","DISTRICT ATTORNEY QUEENS COUNTY","Y","1,846,848","0","0","101","101","101","0","0","0"
"20260512","2027","904","DISTRICT ATTORNEY QUEENS COUNTY","N","106,286,231","127,836,052","108,570,101","782","782","782","15","18","15"
"20260217","2027","904","DISTRICT ATTORNEY QUEENS COUNTY","N","106,286,231","122,221,865","108,222,063","782","782","782","15","18","15"
"20260217","2027","904","DISTRICT ATTORNEY QUEENS COUNTY","Y","1,846,848","0","0","101","101","101","0","0","0"
"20260512","2027","905","DISTRICT ATTORNEY RICHMOND COUNTY","Y","1,115,000","0","4,652","16","7","7","0","0","0"
"20260512","2027","905","DISTRICT ATTORNEY RICHMOND COUNTY","N","25,898,456","32,849,325","26,917,637","207","216","216","8","9","8"
"20260217","2027","905","DISTRICT ATTORNEY RICHMOND COUNTY","N","25,898,456","30,697,617","26,816,940","207","216","216","8","9","8"
"20260217","2027","905","DISTRICT ATTORNEY RICHMOND COUNTY","Y","1,115,000","0","4,652","16","7","7","0","0","0"
"20260512","2027","906","OFFICE OF PROSECUTION SPEC NARCO","Y","1,452,445","0","0","18","18","18","0","0","0"
"20260512","2027","906","OFFICE OF PROSECUTION SPEC NARCO","N","30,242,104","31,694,549","31,714,357","239","239","239","8","9","9"
"20260217","2027","906","OFFICE OF PROSECUTION SPEC NARCO","N","30,242,104","31,694,549","31,714,357","239","239","239","8","9","9"
"20260217","2027","906","OFFICE OF PROSECUTION SPEC NARCO","Y","1,452,445","0","0","18","18","18","0","0","0"
"20260512","2027","941","PUBLIC ADMINISTRATOR-NEW YORK COUNTY","Y","120,985","120,985","127,963","0","0","0","0","0","0"
"20260512","2027","941","PUBLIC ADMINISTRATOR-NEW YORK COUNTY","N","1,199,036","1,199,036","1,097,898","13","13","13","0","0","0"
"20260217","2027","941","PUBLIC ADMINISTRATOR-NEW YORK COUNTY","Y","120,985","120,985","127,963","0","0","0","0","0","0"
"20260217","2027","941","PUBLIC ADMINISTRATOR-NEW YORK COUNTY","N","1,199,036","1,199,036","1,200,185","13","13","13","0","0","0"
"20260512","2027","942","PUBLIC ADMINISTRATOR-BRONX COUNTY","Y","82,551","77,383","89,529","0","0","0","0","0","0"
"20260512","2027","942","PUBLIC ADMINISTRATOR-BRONX COUNTY","N","801,111","1,076,279","806,836","10","10","10","0","0","0"
"20260217","2027","942","PUBLIC ADMINISTRATOR-BRONX COUNTY","N","801,111","1,076,279","801,111","10","10","10","0","0","0"
"20260217","2027","942","PUBLIC ADMINISTRATOR-BRONX COUNTY","Y","82,551","77,383","89,529","0","0","0","0","0","0"
"20260512","2027","943","PUBLIC ADMINISTRATOR-KINGS COUNTY","Y","83,183","83,183","104,161","0","0","0","0","0","0"
"20260512","2027","943","PUBLIC ADMINISTRATOR-KINGS COUNTY","N","1,053,223","1,053,223","1,059,100","15","15","15","2","2","2"
"20260217","2027","943","PUBLIC ADMINISTRATOR-KINGS COUNTY","Y","83,183","83,183","90,161","0","0","0","0","0","0"
"20260217","2027","943","PUBLIC ADMINISTRATOR-KINGS COUNTY","N","1,053,223","1,053,223","1,053,223","15","15","15","2","2","2"
"20260512","2027","944","PUBLIC ADMINISTRATOR- QUEENS COUNTY","N","616,203","616,203","616,203","8","8","8","0","0","0"
"20260512","2027","944","PUBLIC ADMINISTRATOR- QUEENS COUNTY","Y","78,405","78,405","85,383","0","0","0","0","0","0"
"20260217","2027","944","PUBLIC ADMINISTRATOR- QUEENS COUNTY","N","616,203","616,203","616,203","8","8","8","0","0","0"
"20260217","2027","944","PUBLIC ADMINISTRATOR- QUEENS COUNTY","Y","78,405","78,405","85,383","0","0","0","0","0","0"
"20260512","2027","945","PUBLIC ADMINISTRATOR-RICHMOND COUNTY","Y","119,682","97,416","101,660","0","0","0","0","0","0"
"20260512","2027","945","PUBLIC ADMINISTRATOR-RICHMOND COUNTY","N","553,920","576,186","555,968","5","5","5","0","1","0"
"20260217","2027","945","PUBLIC ADMINISTRATOR-RICHMOND COUNTY","N","553,920","576,186","553,920","5","5","5","0","1","0"
"20260217","2027","945","PUBLIC ADMINISTRATOR-RICHMOND COUNTY","Y","119,682","97,416","101,660","0","0","0","0","0","0"
"20260217","2027","99C","CITYWIDE SAVINGS INITIATIVES","Y","0","0","-1,060,000,000","0","0","0","0","0","0"
"20260512","2027","99D","PRIOR YEAR PAYABLES","Y","0","0","-400,000,000","0","0","0","0","0","0"
"20260217","2027","99P","ENERGY ADJUSTMENT","Y","0","0","112,689,973","0","0","0","0","0","0"
"20260217","2027","99S","LEASE ADJUSTMENT","Y","0","0","53,230,428","0","0","0","0","0","0"
